<?xml version="1.0" encoding="utf-8"?>
<!DOCTYPE urlrewrite PUBLIC "-//tuckey.org//DTD UrlRewrite 2.5//EN"
        "http://tuckey.org/res/dtds/urlrewrite2.5.dtd">

<!--

    Configuration file for UrlRewriteFilter
    http://tuckey.org/urlrewrite/

-->
<urlrewrite>

    <rule>
        <note>
            The rule means that requests to /wiki/ will be redirected to /rewrite-status
            the url will be rewritten.
        </note>
        <from>^/wiki/(.*)$</from>        
        <to>/show.pr?keyword=$1</to>
    </rule>

</urlrewrite>

